USE master

if exists (select * from sysdatabases where name='movies')
	DROP DATABASE movies


CREATE DATABASE movies

USE movies


----- Create Tables -----

CREATE TABLE MOVIE (
 TITLE VARCHAR(255) NOT NULL,
 YEAR INTEGER NOT NULL,
 LENGTH INTEGER,
 INCOLOR CHAR(1),
 STUDIONAME CHAR(50),
 PRODUCERC# INTEGER
);

CREATE TABLE MOVIESTAR (
 NAME CHAR(30) NOT NULL,
 ADDRESS VARCHAR(255),
 GENDER CHAR(1),
 BIRTHDATE DATETIME
);

CREATE TABLE STARSIN (
    MOVIETITLE VARCHAR(255) NOT NULL,
    MOVIEYEAR INTEGER NOT NULL,
    STARNAME CHAR(30) NOT NULL
);

CREATE TABLE MOVIEEXEC (
    CERT# INTEGER NOT NULL,
    NAME CHAR(30),
    ADDRESS VARCHAR(255),
    NETWORTH INTEGER
);

CREATE TABLE STUDIO (
    NAME CHAR(50) NOT NULL,
    ADDRESS VARCHAR(255),
    PRESC# INTEGER
);

----- Create Constraints -----
ALTER TABLE MOVIE ADD CONSTRAINT PK_MOVIE PRIMARY KEY(TITLE,YEAR);

ALTER TABLE MOVIESTAR ADD CONSTRAINT PK_MOVIESTAR PRIMARY KEY(NAME);

ALTER TABLE MOVIEEXEC ADD CONSTRAINT PK_MOVIEEXEC PRIMARY KEY(CERT#);

ALTER TABLE STUDIO ADD CONSTRAINT PK_STUDIO PRIMARY KEY(NAME);

ALTER TABLE STARSIN ADD CONSTRAINT PK_STARSIN PRIMARY KEY(MOVIETITLE,MOVIEYEAR,STARNAME);

ALTER TABLE MOVIE ADD CONSTRAINT FK_MOVIE_MOVIEEXEC FOREIGN KEY(PRODUCERC#) REFERENCES MOVIEEXEC(CERT#);

ALTER TABLE MOVIE ADD CONSTRAINT FK_MOVIE_STUDIO FOREIGN KEY(STUDIONAME) REFERENCES STUDIO(NAME);

ALTER TABLE STARSIN ADD CONSTRAINT FK_STARSIN_MOVIE FOREIGN KEY(MOVIETITLE, MOVIEYEAR) REFERENCES MOVIE(TITLE, YEAR);

ALTER TABLE STARSIN ADD CONSTRAINT FK_STARSIN_MOVIESTAR FOREIGN KEY(STARNAME) REFERENCES MOVIESTAR(NAME);

------- Insert Studio ------------
INSERT INTO STUDIO
  VALUES ('Disney','500 S. Buena Vista Street',1);

INSERT INTO STUDIO
  VALUES ('USA Entertainm.','', 2);

INSERT INTO STUDIO
  VALUES ('Fox','10201 Pico Boulevard', 3);

INSERT INTO STUDIO
  VALUES ('Paramount','5555 Melrose Ave', 4);

INSERT INTO STUDIO
  VALUES ('MGM','MGM Boulevard', 5);
  
------- Insert MovieExec ------------  
INSERT INTO MOVIEEXEC (NAME, ADDRESS, CERT#, NETWORTH)
  VALUES ('George Lucas', 'Oak Rd.', 555, 200000000);

INSERT INTO MOVIEEXEC (NAME, ADDRESS, CERT#, NETWORTH)
  VALUES ('Ted Turner', 'Turner Av.', 333, 125000000);

INSERT INTO MOVIEEXEC (NAME, ADDRESS, CERT#, NETWORTH)
  VALUES ('Stephen Spielberg', '123 ET road', 222, 100000000);

INSERT INTO MOVIEEXEC (NAME, ADDRESS, CERT#, NETWORTH)
  VALUES ('Merv Griffin', 'Riot Rd.', 199, 112000000);

INSERT INTO MOVIEEXEC (NAME, ADDRESS, CERT#, NETWORTH)
  VALUES ('Calvin Coolidge', 'Fast Lane', 123, 20000000);

------- Insert Movie ------------
INSERT INTO MOVIE
  VALUES ('Pretty Woman', 1990, 119, 'Y', 'Disney', 199);

INSERT INTO MOVIE
  VALUES ('The Man Who Wasn''t There', 2001, 116, 'N', 'USA Entertainm.',
    555);

INSERT INTO MOVIE
  VALUES ('Logan''s run', 1976, NULL, 'Y', 'Fox', 333);

INSERT INTO MOVIE
  VALUES ('Star Wars', 1977, 124, 'Y', 'Fox', 555);

INSERT INTO MOVIE
  VALUES ('Empire Strikes Back', 1980, 111, 'Y', 'Fox', 555);

INSERT INTO MOVIE
  VALUES ('Star Trek', 1979, 132, 'Y', 'Paramount', 222);

INSERT INTO MOVIE
  VALUES ('Star Trek: Nemesis', 2002, 116, 'Y', 'Paramount', 123);

INSERT INTO MOVIE
  VALUES ('Terms of Endearment', 1983, 132, 'Y', 'MGM', 123);

INSERT INTO MOVIE
  VALUES ('The Usual Suspects', 1995, 106, 'Y', 'MGM', 199);

INSERT INTO MOVIE
  VALUES ('Gone With the Wind', 1938, 238, 'Y', 'MGM', 123);

------- Insert MovieStar ------------

INSERT INTO MOVIESTAR
  VALUES ('Jane Fonda', 'Turner Av.', 'F', '1977-07-07');

INSERT INTO MOVIESTAR
  VALUES ('Alec Baldwin', 'Baldwin Av.', 'M', '1977-07-06');

INSERT INTO MOVIESTAR
  VALUES ('Kim Basinger', 'Baldwin Av.', 'F', '1979-07-05');

INSERT INTO MOVIESTAR
  VALUES ('Harrison Ford', 'Prefect Rd.', 'M', '1955-05-05');

INSERT INTO MOVIESTAR
  VALUES ('Debra Winger', 'A way', 'F', '1978-06-05');

INSERT INTO MOVIESTAR
  VALUES ('Jack Nicholson', 'X path', 'M', '1949-05-05');
  
INSERT INTO MOVIESTAR
  VALUES ('Sandra Bullock', 'X path', 'F', '1948-12-05');

------- Insert StarsIn ------------
INSERT INTO STARSIN
  VALUES ('Star Wars', 1977, 'Kim Basinger');

INSERT INTO STARSIN
  VALUES ('Star Wars', 1977, 'Alec Baldwin');

INSERT INTO STARSIN
  VALUES ('Star Wars', 1977, 'Harrison Ford');

INSERT INTO STARSIN
  VALUES ('Empire Strikes Back', 1980, 'Harrison Ford');

INSERT INTO STARSIN
  VALUES ('The Usual Suspects', 1995, 'Jack Nicholson');

INSERT INTO STARSIN
  VALUES ('Terms of Endearment', 1983, 'Jane Fonda');

INSERT INTO STARSIN
  VALUES ('Terms of Endearment', 1983, 'Jack Nicholson');

INSERT INTO STARSIN
  VALUES ('The Usual Suspects', 1995, 'Sandra Bullock');

--2
  select DISTINCT NAME
FROM STARSIN
JOIN MOVIE
ON  STARSIN.MOVIETITLE=MOVIE.TITLE
JOIN MOVIEEXEC
ON MOVIEEXEC.CERT# = MOVIE.PRODUCERC#
WHERE STARSIN.STARNAME ='Harrison Ford'
;

--3
select STUDIONAME, STARNAME
FROM MOVIE
JOIN STUDIO
on MOVIE.STUDIONAME=STUDIO.NAME
JOIN STARSIN
ON STARSIN.MOVIETITLE=MOVIE.TITLE
;

--4
select TOP 4 starname, NETWORTH, title
FROM MOVIE
JOIN MOVIEEXEC
on MOVIE.PRODUCERC#=MOVIEEXEC.CERT#
JOIN STARSIN
ON STARSIN.MOVIETITLE=MOVIE.TITLE;

--5
select NAME, MOVIETITLE
FROM MOVIESTAR
LEFT JOIN STARSIN
ON STARSIN.STARNAME=MOVIESTAR.NAME
WHERE MOVIETITLE is NULL

--6
select NAME
FROM MOVIESTAR
LEFT JOIN STARSIN
ON STARSIN.STARNAME=MOVIESTAR.NAME
WHERE GENDER = 'M' AND MOVIETITLE = 'The Usual Suspects';

--7
select NAME
FROM MOVIESTAR
 JOIN STARSIN
ON STARSIN.STARNAME=MOVIESTAR.NAME
JOIN MOVIE
ON STARSIN.MOVIETITLE=MOVIE.TITLE
WHERE MOVIEYEAR = 1995 AND STUDIONAME = 'MGM'
;

--8
select MOVIEEXEC.NAME
FROM MOVIESTAR
 JOIN STARSIN
ON STARSIN.STARNAME=MOVIESTAR.NAME
JOIN MOVIE
ON STARSIN.MOVIETITLE=MOVIE.TITLE
JOIN MOVIEEXEC
on MOVIE.PRODUCERC#=MOVIEEXEC.CERT#
WHERE  STUDIONAME = 'MGM'
;

--9
select movie0.TITLE
FROM MOVIE movie0
CROSS JOIN MOVIE movie1
WHERE movie0.LENGTH > movie1 .LENGTH
AND movie1.TITLE = 'Star Wars'
;

--10
select exec1.NAME
FROM MOVIEEXEC exec1
CROSS JOIN MOVIEEXEC exec2
WHERE exec1.NETWORTH > exec2.NETWORTH
AND exec2.NAME = 'Stephen Spielberg'
;

--11
select movie1.TITLE
FROM MOVIEEXEC exec1
CROSS JOIN MOVIEEXEC exec2
JOIN MOVIE movie1
ON movie1.PRODUCERC# = exec1.CERT#
WHERE exec1.NETWORTH > exec2.NETWORTH
AND exec2.NAME = 'Stephen Spielberg'



